level1;level2;level3;level4;level5;title_1
blog;2013;2;24;trying-out-octopress;trying-out-octopress
blog;2013;2;27;graphing-bike-path-data-with-ipython-notebook-and-pandas;graphing-bike-path-data-with-ipython-notebook-and-pandas
blog;2013;3;4;transit-maps-1941-vs-2011;transit-maps-1941-vs-2011
blog;2013;4;7;open-data-exchange-2013;open-data-exchange-2013
blog;2013;9;12;pydata-boston-2013;pydata-boston-2013
blog;2013;9;25;julia-seranos-excluded;julia-seranos-excluded
blog;2013;9;26;hacker-school-day-4-c-unit-testing;hacker-school-day-4-c-unit-testing
blog;2013;9;30;hacker-school-day-1-messing-around-with-the-stack-in-c;hacker-school-day-1-messing-around-with-the-stack-in-c
blog;2013;9;30;hacker-school-day-2-what-does-a-shell-even-do;hacker-school-day-2-what-does-a-shell-even-do
blog;2013;10;1;day-2-netcat-fun;day-2-netcat-fun
blog;2013;10;2;day-3-what-does-the-linux-kernel-even-do;day-3-what-does-the-linux-kernel-even-do
blog;2013;10;4;day-4-processes-vs-threads;day-4-processes-vs-threads
blog;2013;10;6;where-to-find-the-bixi-xml-data-feed;where-to-find-the-bixi-xml-data-feed
blog;2013;10;7;day-5-i-wrote-a-kernel-module;day-5-i-wrote-a-kernel-module
blog;2013;10;8;day-6-i-wrote-a-rootkit;day-6-i-wrote-a-rootkit
blog;2013;10;9;day-7-an-echo-server-in-clojure;day-7-an-echo-server-in-clojure
blog;2013;10;12;day-8-julia-writes-julia-and-open-source;day-8-julia-writes-julia-and-open-source
blog;2013;10;14;day-9-bytecode-is-made-of-bytes;day-9-bytecode-is-made-of-bytes
blog;2013;10;16;day-10-goals;day-10-goals
blog;2013;10;16;day-11-how-does-gzip-work;day-11-how-does-gzip-work
blog;2013;10;17;day-12-julia-reflects-on-julia;day-12-julia-reflects-on-julia
blog;2013;10;21;day-13-off-by-one-errors;day-13-off-by-one-errors
blog;2013;10;22;day-14-apparently-i-should-write-tests;day-14-apparently-i-should-write-tests
blog;2013;10;23;day-15-how-gzip-works;day-15-how-gzip-works
blog;2013;10;24;day-16-gzip-plus-poetry-equals-awesome;day-16-gzip-plus-poetry-equals-awesome
blog;2013;10;24;do-rails-programmers-use-node-visualizing-correlations-in-command-usage;do-rails-programmers-use-node-visualizing-correlations-in-command-usage
blog;2013;10;28;day-17-buffer-overflows;day-17-buffer-overflows
blog;2013;10;29;day-18-in-ur-connection;day-18-in-ur-connection
blog;2013;10;31;day-19-i-might-understand-why-networking-is-hard;day-19-i-might-understand-why-networking-is-hard
blog;2013;10;31;day-20-scapy-and-traceroute;day-20-scapy-and-traceroute
blog;2013;11;5;day-21-trying-to-tcp;day-21-trying-to-tcp
blog;2013;11;6;day-22-got-some-tcp-packets-back;day-22-got-some-tcp-packets-back
blog;2013;11;6;day-23-started-writing-a-socket-library;day-23-started-writing-a-socket-library
blog;2013;11;6;nyc-python-talk-slides;nyc-python-talk-slides
blog;2013;11;7;day-24-unit-testing-this-tcp-library;day-24-unit-testing-this-tcp-library
blog;2013;11;12;day-25-ack-all-the-things;day-25-ack-all-the-things
blog;2013;11;12;day-26-trying-to-describe-the-tcp-state-machine;day-26-trying-to-describe-the-tcp-state-machine
blog;2013;11;12;women-in-technology-workshop-at-pydata-nyc;women-in-technology-workshop-at-pydata-nyc
blog;2013;11;13;day-27-magic-testing-functions;day-27-magic-testing-functions
blog;2013;11;15;day-28-more-git-workflow-pictures;day-28-more-git-workflow-pictures
blog;2013;11;18;day-29-trying-out-emacs;day-29-trying-out-emacs
blog;2013;11;19;day-30-making-music-in-clojure-with-overtone;day-30-making-music-in-clojure-with-overtone
blog;2013;11;20;day-31-logic-programming-pretty-music;day-31-logic-programming-pretty-music
blog;2013;11;21;day-32-magical-orchestra;day-32-magical-orchestra
blog;2013;11;25;day-33-how-to-make-music-with-clojurescript;day-33-how-to-make-music-with-clojurescript
blog;2013;11;26;day-34-the-tiniest-operating-system;day-34-the-tiniest-operating-system
blog;2013;11;27;day-34b-wrapping-up-the-tcp-stack;day-34b-wrapping-up-the-tcp-stack
blog;2013;11;29;what-happens-when-you-run-a-unix-program;what-happens-when-you-run-a-unix-program
blog;2013;11;29;writing-an-os-using-rustboot-and-rust-core;writing-an-os-using-rustboot-and-rust-core
blog;2013;11;30;videos-from-pydata-nyc-are-up;videos-from-pydata-nyc-are-up
blog;2013;12;1;how-to-call-rust-from-assembly;how-to-call-rust-from-assembly
blog;2013;12;2;types-in-rust;types-in-rust
blog;2013;12;3;day-36-programming-without-malloc;day-36-programming-without-malloc
blog;2013;12;4;day-37-how-a-keyboard-works;day-37-how-a-keyboard-works
blog;2013;12;6;day-38-after-7-days;day-38-after-7-days
blog;2013;12;10;day-39-i-wrote-a-malloc;day-39-i-wrote-a-malloc
blog;2013;12;10;day-40-12-things-i-learned-today-about-linkers;day-40-12-things-i-learned-today-about-linkers
blog;2013;12;10;day-40-learning-about-linkers;day-40-learning-about-linkers
blog;2013;12;12;day-41-linkers-are-still-upsetting;day-41-linkers-are-still-upsetting
blog;2013;12;13;day-42-how-to-run-an-elf-executable-i-dont-know;day-42-how-to-run-an-elf-executable-i-dont-know
blog;2013;12;16;day-43-hopefully-the-last-day-spent-fixing-linker-problems;day-43-hopefully-the-last-day-spent-fixing-linker-problems
blog;2013;12;17;day-44-gdb-is-great;day-44-gdb-is-great
blog;2013;12;19;day-45-reading-elf-headers;day-45-reading-elf-headers
blog;2013;12;20;day-46-never-graduate;day-46-never-graduate
blog;2013;12;22;cooking-with-pandas;cooking-with-pandas
blog;2013;12;22;fun-with-strace;fun-with-strace
blog;2013;12;27;guys-guys-guys;guys-guys-guys
blog;2013;12;30;questions-im-asking-in-interviews;questions-im-asking-in-interviews
blog;2014;1;3;what-my-kernel-doesnt-do;what-my-kernel-doesnt-do
blog;2014;1;4;4-paths-to-being-a-kernel-hacker;4-paths-to-being-a-kernel-hacker
blog;2014;1;12;public-speaking;public-speaking
blog;2014;1;16;what-my-technical-interviews-have-looked-like;what-my-technical-interviews-have-looked-like
blog;2014;1;22;cusec-equals-fun;cusec-equals-fun
blog;2014;2;3;sounding-confident-in-interviews;sounding-confident-in-interviews
blog;2014;2;10;three-steps-to-learning-gdb;three-steps-to-learning-gdb
blog;2014;2;13;a-few-blogs-i-really-like;a-few-blogs-i-really-like
blog;2014;2;15;how-was-hacker-school;how-was-hacker-school
blog;2014;2;17;spying-on-ssh-with-strace;spying-on-ssh-with-strace
blog;2014;2;26;using-strace-to-avoid-reading-ruby-code;using-strace-to-avoid-reading-ruby-code
blog;2014;2;27;more-practical-uses-for-strace;more-practical-uses-for-strace
blog;2014;3;1;pair-programming;pair-programming
blog;2014;3;10;debugging-shared-library-problems-with-strace;debugging-shared-library-problems-with-strace
blog;2014;3;10;help;help
blog;2014;3;12;the-rust-os-story;the-rust-os-story
blog;2014;3;21;my-rust-os-will-never-be-finished;my-rust-os-will-never-be-finished
blog;2014;3;23;recovering-files-using-slash-proc-and-other-useful-facts;recovering-files-using-slash-proc-and-other-useful-facts
blog;2014;3;29;reports-from-remote-land-remote-pairing-works-great;reports-from-remote-land-remote-pairing-works-great
blog;2014;4;4;ask-if-you-have-questions-isnt-enough;ask-if-you-have-questions-isnt-enough
blog;2014;4;8;growing;growing
blog;2014;4;13;pycon;pycon
blog;2014;4;20;debug-your-programs-like-theyre-closed-source;debug-your-programs-like-theyre-closed-source
blog;2014;4;26;i-dont-feel-guilty-about-not-contributing-to-open-source;i-dont-feel-guilty-about-not-contributing-to-open-source
blog;2014;4;27;stopping-to-think;stopping-to-think
blog;2014;5;12;computers-are-fast;computers-are-fast
blog;2014;5;13;profiling-with-perf;profiling-with-perf
blog;2014;5;15;diving-into-hdfs;diving-into-hdfs
blog;2014;5;28;anonymous-talk-submission-equals-amazing;anonymous-talk-submission-equals-amazing
blog;2014;6;6;should-my-conference-do-anonymous-review;should-my-conference-do-anonymous-review
blog;2014;6;6;working-remote;working-remote
blog;2014;6;13;asking-questions-is-a-superpower;asking-questions-is-a-superpower
blog;2014;6;19;machine-learning-isnt-kaggle-competitions;machine-learning-isnt-kaggle-competitions
blog;2014;6;22;con-talks-are-up;con-talks-are-up
blog;2014;6;29;how-i-did-hacker-school;how-i-did-hacker-school
blog;2014;7;11;fun-with-stats-how-big-of-a-sample-size-do-i-need;fun-with-stats-how-big-of-a-sample-size-do-i-need
blog;2014;7;17;ruby-rogues;ruby-rogues
blog;2014;7;25;fork-my-talks;fork-my-talks
blog;2014;8;5;pair-programming-is-amazing-except-when-its-not;pair-programming-is-amazing-except-when-its-not
blog;2014;8;12;what-happens-if-you-write-a-tcp-stack-in-python;what-happens-if-you-write-a-tcp-stack-in-python
blog;2014;9;6;how-to-read-an-executable;how-to-read-an-executable
blog;2014;9;18;you-can-be-a-kernel-hacker;you-can-be-a-kernel-hacker
blog;2014;9;20;strange-loop-2014;strange-loop-2014
blog;2014;9;27;how-does-sqlite-work-part-1-pages;how-does-sqlite-work-part-1-pages
blog;2014;10;2;how-does-sqlite-work-part-2-btrees;how-does-sqlite-work-part-2-btrees
blog;2014;10;8;how-to-set-up-a-blog-in-5-minutes;how-to-set-up-a-blog-in-5-minutes
blog;2014;10;22;working-remote-8-months-in;working-remote-8-months-in
blog;2014;11;11;the-best-thing-ive-ever-read-about-women-in-technology;the-best-thing-ive-ever-read-about-women-in-technology
blog;2014;11;16;fun-with-machine-learning-making-sure-your-model-actually-works;fun-with-machine-learning-making-sure-your-model-actually-works
blog;2014;11;17;fun-with-machine-learning-logistic-regression;fun-with-machine-learning-logistic-regression
blog;2014;11;27;ld-preload-is-super-fun-and-easy;ld-preload-is-super-fun-and-easy
blog;2014;11;27;pydata-nyc-i-gave-a-machine-learning-talk-yay;pydata-nyc-i-gave-a-machine-learning-talk-yay
blog;2014;12;10;spying-on-hadoop-with-strace;spying-on-hadoop-with-strace
blog;2014;12;14;fun-with-threads;fun-with-threads
blog;2014;12;19;reproducing-awesomeness;reproducing-awesomeness
blog;2014;12;21;fear-makes-you-a-worse-programmer;fear-makes-you-a-worse-programmer
blog;2014;12;28;programming-doesnt-belong-to-men-it-belongs-to-me;programming-doesnt-belong-to-men-it-belongs-to-me
blog;2014;12;29;on-reading-the-source-code-not-the-docs;on-reading-the-source-code-not-the-docs
blog;2015;1;12;data-day-texas-2015;data-day-texas-2015
blog;2015;2;6;a-a-testing;a-a-testing
blog;2015;2;17;how-i-learned-to-program-in-10-years;how-i-learned-to-program-in-10-years
blog;2015;2;22;how-gzip-uses-huffman-coding;how-gzip-uses-huffman-coding
blog;2015;3;5;how-the-locate-command-works-and-lets-rewrite-it-in-one-minute;how-the-locate-command-works-and-lets-rewrite-it-in-one-minute
blog;2015;3;6;1-1-topic-ideas;1-1-topic-ideas
blog;2015;3;6;you-can-choose-who-submits-talks-to-your-conference;you-can-choose-who-submits-talks-to-your-conference
blog;2015;3;15;nancy-drew-and-the-case-of-the-slow-program;nancy-drew-and-the-case-of-the-slow-program
blog;2015;3;28;senior-engineering-and-fantasy-heroes;senior-engineering-and-fantasy-heroes
blog;2015;3;30;seeing-system-calls-with-perf-instead-of-strace;seeing-system-calls-with-perf-instead-of-strace
blog;2015;4;6;a-few-spy-tools-for-your-operating-system-other-than-strace;a-few-spy-tools-for-your-operating-system-other-than-strace
blog;2015;4;12;learning-at-open-source-sprints;learning-at-open-source-sprints
blog;2015;4;14;strace-zine;strace-zine
blog;2015;4;15;adacamp-montreal-2015;adacamp-montreal-2015
blog;2015;7;4;bootstrap-confidence-intervals;bootstrap-confidence-intervals
blog;2015;7;25;an-argument-for-hiring-junior-developers;an-argument-for-hiring-junior-developers
blog;2015;9;6;is-machine-learning-safe-to-use;is-machine-learning-safe-to-use
blog;2015;9;10;a-millisecond-isnt-fast-and-how-we-fixed-it;a-millisecond-isnt-fast-and-how-we-fixed-it
blog;2015;10;31;papers-are-amazing-profiling-threaded-programs-with-coz;papers-are-amazing-profiling-threaded-programs-with-coz
blog;2015;11;9;docker-is-amazing;docker-is-amazing
blog;2015;11;21;why-you-should-understand-a-little-about-tcp;why-you-should-understand-a-little-about-tcp
blog;2015;11;22;how-i-got-better-at-debugging;how-i-got-better-at-debugging
blog;2015;11;27;why-rubys-timeout-is-dangerous-and-thread-dot-raise-is-terrifying;why-rubys-timeout-is-dangerous-and-thread-dot-raise-is-terrifying
blog;2015;12;7;women-in-machine-learning-2015-fun;women-in-machine-learning-2015-fun
blog;2015;12;24;how-to-trick-a-neural-network-into-thinking-a-panda-is-a-vulture;how-to-trick-a-neural-network-into-thinking-a-panda-is-a-vulture
blog;2015;12;26;2015-year-in-review;2015-year-in-review
blog;2015;12;30;do-the-math-on-your-stock-options;do-the-math-on-your-stock-options
blog;2015;12;31;surviving-meetings-while-remote;surviving-meetings-while-remote
blog;2016;1;2;winning-the-bias-variance-tradeoff;winning-the-bias-variance-tradeoff
blog;2016;1;3;java-isnt-slow;java-isnt-slow
blog;2016;1;6;talking-about-stock-options;talking-about-stock-options
blog;2016;1;10;why-i-rust;why-i-rust
blog;2016;1;14;a-few-notes-on-my-cusec-talk;a-few-notes-on-my-cusec-talk
blog;2016;1;18;calling-c-from-rust;calling-c-from-rust
blog;2016;1;18;guessing-linux-kernel-registers;guessing-linux-kernel-registers
blog;2016;1;23;fast-integer-sets-with-roaring-bitmaps;fast-integer-sets-with-roaring-bitmaps
blog;2016;1;23;sendfile-a-new-to-me-system-call;sendfile-a-new-to-me-system-call
blog;2016;2;7;cpu-load-averages;cpu-load-averages
blog;2016;2;9;til-clock-skew-exists;til-clock-skew-exists
blog;2016;2;10;have-high-expectations-for-computers;have-high-expectations-for-computers
blog;2016;2;12;why-i-love-log-files;why-i-love-log-files
blog;2016;2;20;measuring-cpu-time-with-clock-gettime;measuring-cpu-time-with-clock-gettime
blog;2016;2;24;perf-top-my-new-best-friend;perf-top-my-new-best-friend
blog;2016;2;27;a-few-notes-on-the-stack;a-few-notes-on-the-stack
blog;2016;3;4;whats-up-with-ruby-http-libraries;whats-up-with-ruby-http-libraries
blog;2016;3;6;women-only-spaces-are-a-hack;women-only-spaces-are-a-hack
blog;2016;3;12;how-does-perf-work-and-some-questions;how-does-perf-work-and-some-questions
blog;2016;3;16;tcpdump-is-amazing;tcpdump-is-amazing
blog;2016;3;20;how-do-you-do-capacity-planning;how-do-you-do-capacity-planning
blog;2016;3;23;io-matters;io-matters
blog;2016;3;27;thread-pools-how-do-i-use-them;thread-pools-how-do-i-use-them
blog;2016;3;29;thread-pools-part-ii-i-love-blocking;thread-pools-part-ii-i-love-blocking
blog;2016;4;9;some-of-my-favorite-blogs;some-of-my-favorite-blogs
blog;2016;4;10;why-i-dont-like-black-boxes;why-i-dont-like-black-boxes
blog;2016;4;22;java-garbage-collection-can-be-really-slow;java-garbage-collection-can-be-really-slow
blog;2016;4;23;some-links-on-java-garbage-collection;some-links-on-java-garbage-collection
blog;2016;4;24;how-regular-expressions-go-fast;how-regular-expressions-go-fast
blog;2016;4;29;cdns-arent-just-for-caching;cdns-arent-just-for-caching
blog;2016;4;30;building-expertise-at-work;building-expertise-at-work
blog;2016;5;1;the-etsy-site-performance-report;the-etsy-site-performance-report
blog;2016;5;6;a-workshop-on-strace-and-tcpdump;a-workshop-on-strace-and-tcpdump
blog;2016;5;6;what-are-ssl-ciphers-and-session-keys;what-are-ssl-ciphers-and-session-keys
blog;2016;5;12;a-second-try-at-using-rust;a-second-try-at-using-rust
blog;2016;5;13;erlang-seems-really-complicated;erlang-seems-really-complicated
blog;2016;5;13;homu-plus-highfive-making-less-work-for-open-source-maintainers;homu-plus-highfive-making-less-work-for-open-source-maintainers
blog;2016;5;19;a-few-reasons-to-be-skeptical-of-machine-learning-results;a-few-reasons-to-be-skeptical-of-machine-learning-results
blog;2016;5;21;a-few-notes-from-my-pydata-berlin-keynote;a-few-notes-from-my-pydata-berlin-keynote
blog;2016;5;22;how-do-you-write-blog-posts;how-do-you-write-blog-posts
blog;2016;5;29;three-ways-to-solve-hard-programming-problems;three-ways-to-solve-hard-programming-problems
blog;2016;6;3;learning-to-like-design-documents;learning-to-like-design-documents
blog;2016;6;6;make-better-conference-talks;make-better-conference-talks
blog;2016;6;7;strace-y;strace-y
blog;2016;6;12;a-weird-system-call-process-vm-readv;a-weird-system-call-process-vm-readv
blog;2016;6;13;should-you-be-scared-of-signals;should-you-be-scared-of-signals
blog;2016;6;15;using-ltrace-to-debug-a-memory-leak;using-ltrace-to-debug-a-memory-leak
blog;2016;6;30;why-do-we-use-the-linux-kernels-tcp-stack;why-do-we-use-the-linux-kernels-tcp-stack
blog;2016;7;3;debugging-tools-i-love;debugging-tools-i-love
blog;2016;7;3;polyconf-2016;polyconf-2016
blog;2016;7;14;whats-sni;whats-sni
blog;2016;7;23;a-few-sketches;a-few-sketches
blog;2016;7;23;rigorous-benchmarking-in-reasonable-time;rigorous-benchmarking-in-reasonable-time
blog;2016;8;10;how-does-gdb-work;how-does-gdb-work
blog;2016;8;16;how-do-you-work-on-something-important;how-do-you-work-on-something-important
blog;2016;8;16;release-it-then-build-it;release-it-then-build-it
blog;2016;8;24;find-out-where-youre-dropping-packets;find-out-where-youre-dropping-packets
blog;2016;8;29;how-i-made-a-zine;how-i-made-a-zine
blog;2016;8;31;asking-questions;asking-questions
blog;2016;9;7;new-zine-linux-debugging-tools-youll-love;new-zine-linux-debugging-tools-youll-love
blog;2016;9;11;rustconf-keynote;rustconf-keynote
blog;2016;9;12;how-i-got-a-cs-degree-without-learning-what-a-system-call-is;how-i-got-a-cs-degree-without-learning-what-a-system-call-is
blog;2016;9;15;whats-up-with-containers-docker-and-rkt;whats-up-with-containers-docker-and-rkt
blog;2016;9;17;strange-loop-talk;strange-loop-talk
blog;2016;9;19;getting-things-done;getting-things-done
blog;2016;10;2;a-list-of-container-software;a-list-of-container-software
blog;2016;10;2;i-just-want-to-run-a-container;i-just-want-to-run-a-container
blog;2016;10;4;exec-will-eat-your-brain;exec-will-eat-your-brain
blog;2016;10;9;switching-to-hugo;switching-to-hugo
blog;2016;10;10;what-even-is-a-container;what-even-is-a-container
blog;2016;10;15;operations-for-software-developers-for-beginners;operations-for-software-developers-for-beginners
blog;2016;10;16;whats-devops;whats-devops
blog;2016;10;21;a-litmus-test-for-job-descriptions;a-litmus-test-for-job-descriptions
blog;2016;10;21;consistency-vs-availability;consistency-vs-availability
blog;2016;10;26;a-few-questions-about-open-source;a-few-questions-about-open-source
blog;2016;10;26;running-container-without-docker;running-container-without-docker
blog;2016;10;31;service-discovery-at-stripe;service-discovery-at-stripe
blog;2016;11;3;what-happens-when-you-run-a-rkt-container;what-happens-when-you-run-a-rkt-container
blog;2016;11;10;a-few-drawings-about-linux;a-few-drawings-about-linux
blog;2016;11;14;why-cute-drawings;why-cute-drawings
blog;2016;11;16;ideas-about-how-to-use-aws;ideas-about-how-to-use-aws
blog;2016;11;19;a-critique-of-the-cap-theorem;a-critique-of-the-cap-theorem
blog;2016;11;21;things-to-learn-about-linux;things-to-learn-about-linux
blog;2016;11;27;more-linux-drawings;more-linux-drawings
blog;2016;12;3;how-much-memory-is-my-process-using-;how-much-memory-is-my-process-using-
blog;2016;12;21;2016--year-in-review;2016--year-in-review
blog;2016;12;21;what-s-interesting-about-udp;what-s-interesting-about-udp
blog;2016;12;22;container-networking;container-networking
blog;2016;12;23;systems-we-love;systems-we-love
blog;2017;1;4;rules-of-programming-experiments;rules-of-programming-experiments
blog;2017;1;13;how-do-you-make-an-awesome-team;how-do-you-make-an-awesome-team
blog;2017;1;17;an-idea-for-a-programming-book;an-idea-for-a-programming-book
blog;2017;1;20;a-tiny-zine-about-machine-learning;a-tiny-zine-about-machine-learning
blog;2017;1;24;choosing-the-best-thing;choosing-the-best-thing
blog;2017;1;31;whats-tls;whats-tls
blog;2017;2;2;a-magical-machine-learning-tool;a-magical-machine-learning-tool
blog;2017;2;7;mtu;mtu
blog;2017;2;8;weird-unix-things-cd;weird-unix-things-cd
blog;2017;2;12;neural-style;neural-style
blog;2017;2;16;hiring---opportunity;hiring---opportunity
blog;2017;2;17;mystery-swap;mystery-swap
blog;2017;3;17;career-narrative;career-narrative
blog;2017;3;19;getting-started-with-ftrace;getting-started-with-ftrace
blog;2017;3;20;blogging-principles;blogging-principles
blog;2017;3;26;bash-quirks;bash-quirks
blog;2017;4;1;slow-down-your-internet-with-tc;slow-down-your-internet-with-tc
blog;2017;4;6;netdev-2-1;netdev-2-1
blog;2017;4;7;netdev-conference-day-2;netdev-conference-day-2
blog;2017;4;7;xdp-bpf-tutorial;xdp-bpf-tutorial
blog;2017;4;8;netdev-conference-day-3;netdev-conference-day-3
blog;2017;4;16;making-small-culture-changes;making-small-culture-changes
blog;2017;4;17;statistics-for-programmers;statistics-for-programmers
blog;2017;4;23;the-fish-shell-is-awesome;the-fish-shell-is-awesome
blog;2017;4;27;no-feigning-surprise;no-feigning-surprise
blog;2017;4;29;new-zine--let-s-learn-tcpdump;new-zine--let-s-learn-tcpdump
blog;2017;4;30;using-strict-transport-security;using-strict-transport-security
blog;2017;5;2;like-zines-about-computers--you-might-love-bubblesort-zines;like-zines-about-computers--you-might-love-bubblesort-zines
blog;2017;5;10;a-small-website-bug-story;a-small-website-bug-story
blog;2017;5;14;handwritten-books;handwritten-books
blog;2017;5;14;learn-tcpdump-zine;learn-tcpdump-zine
blog;2017;6;3;async-io-on-linux--select--poll--and-epoll;async-io-on-linux--select--poll--and-epoll
blog;2017;6;4;learning-about-kubernetes;learning-about-kubernetes
blog;2017;6;7;iptables-basics;iptables-basics
blog;2017;6;11;log-structured-storage;log-structured-storage
blog;2017;6;17;allison-parrish;allison-parrish
blog;2017;6;18;operate-your-software;operate-your-software
blog;2017;6;26;3-screencasts;3-screencasts
blog;2017;6;26;vue-js-fun;vue-js-fun
blog;2017;6;28;notes-on-bpf---ebpf;notes-on-bpf---ebpf
blog;2017;7;5;linux-tracing-systems;linux-tracing-systems
blog;2017;7;9;linux-tracing-zine;linux-tracing-zine
blog;2017;7;27;how-does-the-kubernetes-scheduler-work;how-does-the-kubernetes-scheduler-work
blog;2017;7;30;a-couple-useful-ideas-from-google;a-couple-useful-ideas-from-google
blog;2017;8;5;how-kubernetes-certificates-work;how-kubernetes-certificates-work
blog;2017;8;6;contributing-to-open-source;contributing-to-open-source
blog;2017;8;6;learning-at-work;learning-at-work
blog;2017;9;3;debugging-netlink-requests;debugging-netlink-requests
blog;2017;9;3;network-interfaces;network-interfaces
blog;2017;9;3;telling-people-what-you-re-working-on;telling-people-what-you-re-working-on
blog;2017;9;5;finding-out-where-packets-are-being-dropped;finding-out-where-packets-are-being-dropped
blog;2017;9;9;data-structure--the-treap-;data-structure--the-treap-
blog;2017;9;10;vim-sessions;vim-sessions
blog;2017;9;17;how-i-spent-my-time-at-the-recurse-center;how-i-spent-my-time-at-the-recurse-center
blog;2017;9;24;profiling-go-with-pprof;profiling-go-with-pprof
blog;2017;10;5;reasons-kubernetes-is-cool;reasons-kubernetes-is-cool
blog;2017;10;10;operating-a-kubernetes-network;operating-a-kubernetes-network
blog;2017;11;12;binder--an-awesome-tool-for-hosting-jupyter-notebooks;binder--an-awesome-tool-for-hosting-jupyter-notebooks
blog;2017;11;13;glitch--write-small-web-projects-easily;glitch--write-small-web-projects-easily
blog;2017;11;20;groups;groups
blog;2017;11;25;linux-comics--zine-edition;linux-comics--zine-edition
blog;2017;11;27;rust-ref;rust-ref
blog;2017;12;1;new-zine--so-you-want-to-be-a-wizard;new-zine--so-you-want-to-be-a-wizard
blog;2017;12;2;taking-a-sabbatical-to-work-on-ruby-profiling-tools;taking-a-sabbatical-to-work-on-ruby-profiling-tools
blog;2017;12;17;how-do-ruby---python-profilers-work-;how-do-ruby---python-profilers-work-
blog;2017;12;19;how-much-does-the-ruby-abi-change-;how-much-does-the-ruby-abi-change-
blog;2017;12;20;how-are-ruby-s-headers-different-from-python-s-headers-;how-are-ruby-s-headers-different-from-python-s-headers-
blog;2017;12;21;bindgen-is-awesome;bindgen-is-awesome
blog;2017;12;23;segfault-debugging;segfault-debugging
blog;2017;12;24;my-first-rust-macro;my-first-rust-macro
blog;2017;12;27;a-perf-cheat-sheet;a-perf-cheat-sheet
blog;2017;12;28;making-a-weekly-newsletter;making-a-weekly-newsletter
blog;2017;12;31;2017--year-in-review;2017--year-in-review
blog;2018;1;4;how-does-gdb-call-functions;how-does-gdb-call-functions
blog;2018;1;8;profiler-week-1--testing---handling-stripped-binaries;profiler-week-1--testing---handling-stripped-binaries
blog;2018;1;9;resolving-symbol-addresses;resolving-symbol-addresses
blog;2018;1;13;rust-in-2018--way-easier-to-use;rust-in-2018--way-easier-to-use
blog;2018;1;15;profiler-week-2--support-for-1-9-3----2-5-0--and-line-numbers;profiler-week-2--support-for-1-9-3----2-5-0--and-line-numbers
blog;2018;1;15;should-i-pause-a-ruby-process-to-collect-its-stack;should-i-pause-a-ruby-process-to-collect-its-stack
blog;2018;1;22;profiler-week-3--refactoring--better-testing--and-an-alpha-release;profiler-week-3--refactoring--better-testing--and-an-alpha-release
blog;2018;1;26;mac-memory-maps;mac-memory-maps
blog;2018;1;26;spy-container;spy-container
blog;2018;1;28;mac-freeze;mac-freeze
blog;2018;1;29;profiler-week-4;profiler-week-4
blog;2018;1;31;spying-on-a-ruby-process-s-memory-allocations;spying-on-a-ruby-process-s-memory-allocations
blog;2018;2;5;rust-bcc;rust-bcc
blog;2018;2;6;profiler-week-5;profiler-week-5
blog;2018;2;10;positive-constructive-feedback;positive-constructive-feedback
blog;2018;2;18;working-remotely--4-years-in;working-remotely--4-years-in
blog;2018;2;19;profiler-week-6-7--more-experiments--and-a--record--subcommand-;profiler-week-6-7--more-experiments--and-a--record--subcommand-
blog;2018;2;20;measuring-blog-success;measuring-blog-success
blog;2018;2;24;an-ltrace-clone-using-ebpf;an-ltrace-clone-using-ebpf
blog;2018;3;5;codenewbie-networking-podcast;codenewbie-networking-podcast
blog;2018;3;5;things-ive-learned-networking;things-ive-learned-networking
blog;2018;3;24;rustconf-talks;rustconf-talks
blog;2018;3;26;rbspy-docs;rbspy-docs
blog;2018;3;28;open-source-sabbatical---awesome;open-source-sabbatical---awesome
blog;2018;3;31;reverse-engineering-notability-format;reverse-engineering-notability-format
blog;2018;4;16;new-perf-zine;new-perf-zine
blog;2018;4;16;rbspy-talk;rbspy-talk
blog;2018;4;28;debugging-a-segfault-on-linux;debugging-a-segfault-on-linux
blog;2018;5;11;batch-editing-files-with-ed;batch-editing-files-with-ed
blog;2018;6;19;what-i-use-wireshark-for;what-i-use-wireshark-for
blog;2018;7;11;netdev-day-1--ipsec;netdev-day-1--ipsec
blog;2018;7;12;netdev-day-2--moving-away-from--as-fast-as-possible;netdev-day-2--moving-away-from--as-fast-as-possible
blog;2018;7;24;ip-addresses-routing;ip-addresses-routing
blog;2018;8;5;new-zine--bite-size-command-line;new-zine--bite-size-command-line
blog;2018;8;11;a-few-recent-podcasts;a-few-recent-podcasts
blog;2018;8;14;i-started-a-company-;i-started-a-company-
blog;2018;9;1;learning-skills-you-can-practice;learning-skills-you-can-practice
blog;2018;9;1;who-pays-to-educate-developers-;who-pays-to-educate-developers-
blog;2018;9;3;editing-my-blog-s-http-headers-with-cloudflare-workers;editing-my-blog-s-http-headers-with-cloudflare-workers
blog;2018;9;8;an-awesome-new-python-profiler--py-spy-;an-awesome-new-python-profiler--py-spy-
blog;2018;9;18;build-impossible-programs;build-impossible-programs
blog;2018;9;22;new-zine--help--i-have-a-manager;new-zine--help--i-have-a-manager
blog;2018;9;23;why-sell-zines;why-sell-zines
blog;2018;9;30;some-possible-career-goals;some-possible-career-goals
blog;2018;10;27;envoy-basics;envoy-basics
blog;2018;10;27;new-zine--oh-shit--git-;new-zine--oh-shit--git-
blog;2018;10;28;when-does-teaching-with-comics-work-well;when-does-teaching-with-comics-work-well
blog;2018;11;1;tailwind--write-css-without-the-css;tailwind--write-css-without-the-css
blog;2018;11;11;understand-the-software-you-use-in-production;understand-the-software-you-use-in-production
blog;2018;11;18;c---destructors---really-useful;c---destructors---really-useful
blog;2018;12;9;how-do-you-document-a-tech-project-with-comics;how-do-you-document-a-tech-project-with-comics
blog;2018;12;15;new-talk--high-reliability-infrastructure-migrations;new-talk--high-reliability-infrastructure-migrations
blog;2018;12;23;2018--year-in-review;2018--year-in-review
blog;2018;12;29;some-initial-nonparametric-statistics-notes;some-initial-nonparametric-statistics-notes
blog;2019;1;29;marketing-thoughts;marketing-thoughts
blog;2019;2;10;a-few-networking-tool-comics;a-few-networking-tool-comics
blog;2019;2;16;--con-2019--submit-a-talk-;--con-2019--submit-a-talk-
blog;2019;2;17;organizing-this-blog-into-categories;organizing-this-blog-into-categories
blog;2019;3;15;new-zine--bite-size-networking-;new-zine--bite-size-networking-
blog;2019;6;23;a-few-debugging-resources;a-few-debugging-resources
blog;2019;8;27;curl-exercises;curl-exercises
blog;2019;8;30;git-exercises--navigate-a-repository;git-exercises--navigate-a-repository
blog;2019;9;1;ways-to-write-zines-without-fancy-tools;ways-to-write-zines-without-fancy-tools
blog;2019;9;6;how-to-put-an-html-page-on-the-internet;how-to-put-an-html-page-on-the-internet
blog;2019;9;12;new-zine-on-http;new-zine-on-http
blog;2019;9;13;a-year-explaining-computer-things;a-year-explaining-computer-things
blog;2019;9;30;notes-on-building-sql-exercises;notes-on-building-sql-exercises
blog;2019;10;1;zine-revenue-2019;zine-revenue-2019
blog;2019;10;3;sql-queries-don-t-start-with-select;sql-queries-don-t-start-with-select
blog;2019;10;21;print-collection-of-my-first-7-zines;print-collection-of-my-first-7-zines
blog;2019;10;28;some-research-on-shipping-print-zines;some-research-on-shipping-print-zines
blog;2019;10;28;sqlite-is-really-easy-to-compile;sqlite-is-really-easy-to-compile
blog;2019;11;18;how-containers-work--overlayfs;how-containers-work--overlayfs
blog;2019;11;18;some-notes-on-vector-drawing-apps;some-notes-on-vector-drawing-apps
blog;2019;11;20;what-makes-a-programming-exercise-good;what-makes-a-programming-exercise-good
blog;2019;11;25;challenge--make-a-bouncy-window-manager;challenge--make-a-bouncy-window-manager
blog;2019;12;3;solutions-to-the-tiny-window-manager-challenge;solutions-to-the-tiny-window-manager-challenge
blog;2019;12;26;whats-a-server;whats-a-server
blog;2019-year-in-review;;;;0
blog;2020;1;5;paperwm;paperwm
blog;2020;2;3;new-zine--become-a-select-star;new-zine--become-a-select-star
blog;2020;3;15;writing-shaders-with-signed-distance-functions;writing-shaders-with-signed-distance-functions
blog;2020;4;27;new-zine-how-containers-work;new-zine-how-containers-work
blog;2020;4;29;why-strace-doesnt-work-in-docker;why-strace-doesnt-work-in-docker
blog;2020;5;8;metaphors-in-man-pages;metaphors-in-man-pages
blog;2020;6;14;questions-to-help-you-learn;questions-to-help-you-learn
blog;2020;6;19;a-little-bit-of-plain-javascript-can-do-a-lot;a-little-bit-of-plain-javascript-can-do-a-lot
blog;2020;6;28;entr;entr
blog;2020;6;30;tell-candidates-what-to-expect-from-your-job-interviews;tell-candidates-what-to-expect-from-your-job-interviews
blog;2020;7;5;saturday-comics;saturday-comics
blog;2020;7;11;scanimage--scan-from-the-command-line;scanimage--scan-from-the-command-line
blog;2020;7;14;when-your-coworker-does-great-work-tell-their-manager;when-your-coworker-does-great-work-tell-their-manager
blog;2020;8;8;handwritten-font;handwritten-font
blog;2020;8;12;some-possible-future-zines;some-possible-future-zines
blog;2020;8;18;implementing--focus-and-reply--for-fastmail;implementing--focus-and-reply--for-fastmail
blog;2020;8;22;print-run-manager-zine;print-run-manager-zine
blog;2020;10;26;ninja--a-simple-way-to-do-builds;ninja--a-simple-way-to-do-builds
blog;2020;10;28;a-few-things-i-ve-learned-about-email-marketing;a-few-things-i-ve-learned-about-email-marketing
blog;2020;11;7;a-new-way-i-m-getting-feedback-on-my-zines--beta-readers-;a-new-way-i-m-getting-feedback-on-my-zines--beta-readers-
blog;2020;11;22;new-zine--hell-yes--css-;new-zine--hell-yes--css-
blog;2020;12;31;2020--year-in-review;2020--year-in-review
blog;2021;1;4;docker-compose-is-nice;docker-compose-is-nice
blog;2021;2;2;day-51--made-a-couple-of-puzzles;day-51--made-a-couple-of-puzzles
blog;2021;2;4;day-52--out-of-memory-errors;day-52--out-of-memory-errors
blog;2021;2;4;day-53--configuring-nginx;day-53--configuring-nginx
blog;2021;2;9;day-56--a-little-webassembly;day-56--a-little-webassembly
blog;2021;2;10;day-57--fighting-with-github-actions;day-57--fighting-with-github-actions
blog;2021;2;24;a-little-tool-to-make-dns-queries;a-little-tool-to-make-dns-queries
blog;2021;3;31;dnspeep-tool;dnspeep-tool
blog;2021;4;3;what-problems-do-people-solve-with-strace;what-problems-do-people-solve-with-strace
